{
  "kind": "oms_baseline",
  "fit_cfg": {
    "snr_list_db": [
      -1.0,
      0.0
    ],
    "n_frames_per_snr": 6,
    "max_iter": 8,
    "code_rate": 0.5,
    "code": {
      "bgn": 2,
      "set_idx": 1,
      "zc": 2,
      "N": 104,
      "M": 84
    }
  },
  "fitness": -1.1590245740755356,
  "ber_per_snr": [
    0.11538461538461539,
    0.041666666666666664
  ],
  "fer_per_snr": [
    0.6666666666666666,
    0.16666666666666666
  ],
  "n_frames_per_snr": 6,
  "valid": true,
  "error": ""
}