snr_db,ber_oms,ber_champ,fer_oms,fer_champ
-2.0,0.115625,0.11394230769230769,0.425,0.45
-1.0,0.032692307692307694,0.04399038461538462,0.125,0.175
0.0,0.0069711538461538465,0.0069711538461538465,0.025,0.025
1.0,0.008413461538461538,0.008173076923076924,0.025,0.025
2.0,0.0,0.0,0.0,0.0
3.0,0.0,0.0,0.0,0.0
