{
  "elapsed_s": 38.33080792427063,
  "seed_fitness": -1.0072108011648357,
  "seed_ber_per_snr": [
    0.06490384615384616,
    0.14903846153846154
  ],
  "seed_fer_per_snr": [
    0.25,
    0.75
  ],
  "champion_fitness": -1.0072108011648357,
  "champion_ber_per_snr": [
    0.06490384615384616,
    0.14903846153846154
  ],
  "champion_fer_per_snr": [
    0.25,
    0.75
  ],
  "champion_v2c_size": 4,
  "champion_c2v_size": 19,
  "champion_v2c_max_depth": 1,
  "champion_c2v_max_depth": 1
}