{
  "kind": "oms_baseline",
  "fit_cfg": {
    "snr_list_db": [
      4.0,
      5.0
    ],
    "n_frames_per_snr": 6,
    "max_iter": 4,
    "code_rate": 0.5,
    "code": {
      "bgn": 2,
      "set_idx": 1,
      "zc": 2,
      "N": 104,
      "M": 84
    }
  },
  "fitness": -1.6675280126304788,
  "ber_per_snr": [
    0.02403846153846154,
    0.019230769230769232
  ],
  "fer_per_snr": [
    0.8333333333333334,
    1.0
  ],
  "n_frames_per_snr": 6,
  "valid": true,
  "error": ""
}